{
  "type": "minecraft:block",
  "pools": [
    {
      "rolls": 1,
      "entries": [
        {
          "type": "minecraft:item",
          "name": "minecraft:spawner",
          "conditions": [
            {
              "condition": "minecraft:match_tool",
              "predicate": {
                "tag": "minecraft:pickaxes",
                "enchantments": [
                  {
                    "enchantment": "minecraft:silk_touch",
                    "levels": {
                      "min": 1,
                      "max": 255
                    }
                  }
                ]
              }
            }
          ]
        }
      ]
    }
  ]
}
